day,session,temperature,weather,treatment,identity,sex,cycle,territory,agonistic,recipient
1,1,15,cloudy,control,Captain_Hook,male,prenesting,3a,2a,Einband
1,1,15,cloudy,control,Captain_Hook,male,prenesting,3a,1b,Einband
1,1,15,cloudy,control,Captain_Hook,male,prenesting,3a,1b,Einband
1,1,15,cloudy,control,Captain_Hook,male,prenesting,3a,1b,Einband
1,1,15,cloudy,control,Captain_Hook,male,prenesting,3a,1b,Scruffy
1,1,15,cloudy,control,Captain_Hook,male,prenesting,3a,1b,Scruffy
1,1,15,cloudy,control,Captain_Hook,male,prenesting,3a,2b,Scruffy
1,1,15,cloudy,control,Captain_Hook,male,prenesting,2b,2b,Scruffy
1,1,15,cloudy,control,Captain_Hook,male,prenesting,2b,2b,Einband
1,1,15,cloudy,control,Captain_Hook,male,prenesting,2b,2b,Einband
1,1,15,cloudy,control,Captain_Hook,male,prenesting,NA,5b,Einband
1,1,15,cloudy,control,Captain_Hook,male,prenesting,NA,1c,Einband
1,1,15,cloudy,control,Captain_Hook,male,prenesting,NA,5e,Gelbbauch
1,1,15,cloudy,control,Scruffy,female,prenesting,1a,4a,Gelbbauch
1,1,15,cloudy,control,Scruffy,female,prenesting,2b,4c,Gelbbauch
1,1,15,cloudy,control,Scruffy,female,prenesting,3b,NA,NA
1,1,15,cloudy,control,Scruffy,female,prenesting,4b,NA,NA
1,1,15,cloudy,control,Scruffy,female,prenesting,4c,NA,NA
1,1,15,cloudy,control,Scruffy,female,prenesting,2d,NA,NA
1,1,15,cloudy,control,Scruffy,female,prenesting,4d,NA,NA
1,1,15,cloudy,control,Scruffy,female,prenesting,4d,NA,NA
1,1,15,cloudy,control,Scruffy,female,prenesting,5e,NA,NA
1,1,15,cloudy,control,Scruffy,female,prenesting,5e,NA,NA
1,1,15,cloudy,control,Droopy,female,prenesting,1a,3a,Scruffy
1,1,15,cloudy,control,Droopy,female,prenesting,2a,1b,Einband
1,1,15,cloudy,control,Droopy,female,prenesting,1b,1b,Einband
1,1,15,cloudy,control,Droopy,female,prenesting,1b,1b,Scruffy
1,1,15,cloudy,control,Droopy,female,prenesting,1b,2b,Scruffy
1,1,15,cloudy,control,Droopy,female,prenesting,1b,NA,NA
1,1,15,cloudy,control,Droopy,female,prenesting,2b,NA,NA
1,1,15,cloudy,control,Droopy,female,prenesting,2b,NA,NA
1,1,15,cloudy,control,Droopy,female,prenesting,2b,NA,NA
1,1,15,cloudy,control,Droopy,female,prenesting,3b,NA,NA
1,1,15,cloudy,control,Gelbwange,male,prenesting,2a,NA,NA
1,1,15,cloudy,control,Gelbwange,male,prenesting,2a,NA,NA
1,1,15,cloudy,control,Gelbwange,male,prenesting,2b,NA,NA
1,1,15,cloudy,control,Gelbwange,male,prenesting,4b,NA,NA
1,1,15,cloudy,control,Gelbwange,male,prenesting,5b,NA,NA
1,1,15,cloudy,control,Gelbwange,male,prenesting,2c,NA,NA
1,1,15,cloudy,control,Gelbwange,male,prenesting,1d,NA,NA
1,1,15,cloudy,control,Gelbwange,male,prenesting,3d,NA,NA
1,1,15,cloudy,control,Gelbwange,male,prenesting,4e,NA,NA
1,1,15,cloudy,control,Gelbwange,male,prenesting,5e,NA,NA
1,1,15,cloudy,control,Gelbbauch,female,prenesting,1a,5b,Captain_Hook
1,1,15,cloudy,control,Gelbbauch,female,prenesting,1a,1d,Captain_Hook
1,1,15,cloudy,control,Gelbbauch,female,prenesting,2a,2d,Captain_Hook
1,1,15,cloudy,control,Gelbbauch,female,prenesting,2b,2d,Captain_Hook
1,1,15,cloudy,control,Gelbbauch,female,prenesting,4c,4d,Captain_Hook
1,1,15,cloudy,control,Gelbbauch,female,prenesting,1d,4d,Captain_Hook
1,1,15,cloudy,control,Gelbbauch,female,prenesting,1d,4d,Captain_Hook
1,1,15,cloudy,control,Gelbbauch,female,prenesting,2d,4d,Captain_Hook
1,1,15,cloudy,control,Gelbbauch,female,prenesting,4d,NA,NA
1,1,15,cloudy,control,Gelbbauch,female,prenesting,5e,NA,NA
1,1,15,cloudy,control,Einband,male,prenesting,2a,2a,Captain_Hook
1,1,15,cloudy,control,Einband,male,prenesting,2a,2a,Captain_Hook
1,1,15,cloudy,control,Einband,male,prenesting,2a,NA,NA
1,1,15,cloudy,control,Einband,male,prenesting,2a,NA,NA
1,1,15,cloudy,control,Einband,male,prenesting,4b,NA,NA
1,1,15,cloudy,control,Einband,male,prenesting,4b,NA,NA
1,1,15,cloudy,control,Einband,male,prenesting,5b,NA,NA
1,1,15,cloudy,control,Einband,male,prenesting,4c,NA,NA
1,1,15,cloudy,control,Einband,male,prenesting,5c,NA,NA
1,1,15,cloudy,control,Einband,male,prenesting,5e,NA,NA
1,2,,rainy,control,Captain_Hook,male,prenesting,1b,3b,Gelbwange
1,2,,rainy,control,Captain_Hook,male,prenesting,1b,2c,Gelbwange
1,2,,rainy,control,Captain_Hook,male,prenesting,2b,4c,Gelbbauch
1,2,,rainy,control,Captain_Hook,male,prenesting,2b,NA,NA
1,2,,rainy,control,Captain_Hook,male,prenesting,3c,NA,NA
1,2,,rainy,control,Captain_Hook,male,prenesting,3c,NA,NA
1,2,,rainy,control,Captain_Hook,male,prenesting,3c,NA,NA
1,2,,rainy,control,Captain_Hook,male,prenesting,4c,NA,NA
1,2,,rainy,control,Captain_Hook,male,prenesting,3d,NA,NA
1,2,,rainy,control,Captain_Hook,male,prenesting,3d,NA,NA
1,2,,rainy,control,Scruffy,female,prenesting,2a,NA,NA
1,2,,rainy,control,Scruffy,female,prenesting,2a,NA,NA
1,2,,rainy,control,Scruffy,female,prenesting,2a,NA,NA
1,2,,rainy,control,Scruffy,female,prenesting,3a,NA,NA
1,2,,rainy,control,Scruffy,female,prenesting,3b,NA,NA
1,2,,rainy,control,Scruffy,female,prenesting,3b,NA,NA
1,2,,rainy,control,Scruffy,female,prenesting,3c,NA,NA
1,2,,rainy,control,Scruffy,female,prenesting,3c,NA,NA
1,2,,rainy,control,Scruffy,female,prenesting,3d,NA,NA
1,2,,rainy,control,Scruffy,female,prenesting,2c,NA,NA
1,2,,rainy,control,Droopy,female,prenesting,2a,NA,NA
1,2,,rainy,control,Droopy,female,prenesting,2a,NA,NA
1,2,,rainy,control,Droopy,female,prenesting,3b,NA,NA
1,2,,rainy,control,Droopy,female,prenesting,3b,NA,NA
1,2,,rainy,control,Droopy,female,prenesting,3b,NA,NA
1,2,,rainy,control,Droopy,female,prenesting,2b,NA,NA
1,2,,rainy,control,Droopy,female,prenesting,1b,NA,NA
1,2,,rainy,control,Droopy,female,prenesting,3c,NA,NA
1,2,,rainy,control,Droopy,female,prenesting,3c,NA,NA
1,2,,rainy,control,Droopy,female,prenesting,3c,NA,NA
1,2,,rainy,control,Gelbwange,male,prenesting,1b,NA,NA
1,2,,rainy,control,Gelbwange,male,prenesting,1b,NA,NA
1,2,,rainy,control,Gelbwange,male,prenesting,4c,NA,NA
1,2,,rainy,control,Gelbwange,male,prenesting,4c,NA,NA
1,2,,rainy,control,Gelbwange,male,prenesting,4c,NA,NA
1,2,,rainy,control,Gelbwange,male,prenesting,5c,NA,NA
1,2,,rainy,control,Gelbwange,male,prenesting,3d,NA,NA
1,2,,rainy,control,Gelbwange,male,prenesting,3d,NA,NA
1,2,,rainy,control,Gelbwange,male,prenesting,3d,NA,NA
1,2,,rainy,control,Gelbwange,male,prenesting,3d,NA,NA
1,2,,rainy,control,Gelbbauch,female,prenesting,1d,NA,NA
1,2,,rainy,control,Gelbbauch,female,prenesting,1d,NA,NA
1,2,,rainy,control,Gelbbauch,female,prenesting,1d,NA,NA
1,2,,rainy,control,Gelbbauch,female,prenesting,1d,NA,NA
1,2,,rainy,control,Gelbbauch,female,prenesting,1d,NA,NA
1,2,,rainy,control,Gelbbauch,female,prenesting,1d,NA,NA
1,2,,rainy,control,Gelbbauch,female,prenesting,2d,NA,NA
1,2,,rainy,control,Gelbbauch,female,prenesting,2d,NA,NA
1,2,,rainy,control,Gelbbauch,female,prenesting,2d,NA,NA
1,2,,rainy,control,Gelbbauch,female,prenesting,2d,NA,NA
1,2,,rainy,control,Einband,male,prenesting,2a,2a,Gelbbauch
1,2,,rainy,control,Einband,male,prenesting,2a,2d,Gelbbauch
1,2,,rainy,control,Einband,male,prenesting,3a,NA,NA
1,2,,rainy,control,Einband,male,prenesting,3a,NA,NA
1,2,,rainy,control,Einband,male,prenesting,3a,NA,NA
1,2,,rainy,control,Einband,male,prenesting,1b,NA,NA
1,2,,rainy,control,Einband,male,prenesting,2b,NA,NA
1,2,,rainy,control,Einband,male,prenesting,3c,NA,NA
1,2,,rainy,control,Einband,male,prenesting,3c,NA,NA
1,2,,rainy,control,Einband,male,prenesting,2d,NA,NA
2,1,15,cloudy,control,Captain_Hook,male,prenesting,1b,2a,Einband
2,1,15,cloudy,control,Captain_Hook,male,prenesting,1b,2a,Einband
2,1,15,cloudy,control,Captain_Hook,male,prenesting,1b,2b,Einband
2,1,15,cloudy,control,Captain_Hook,male,prenesting,2b,2b,Scruffy
2,1,15,cloudy,control,Captain_Hook,male,prenesting,2b,3d,Gelbbauch
2,1,15,cloudy,control,Captain_Hook,male,prenesting,2c,NA,NA
2,1,15,cloudy,control,Captain_Hook,male,prenesting,3c,NA,NA
2,1,15,cloudy,control,Captain_Hook,male,prenesting,3c,NA,NA
2,1,15,cloudy,control,Captain_Hook,male,prenesting,3c,NA,NA
2,1,15,cloudy,control,Captain_Hook,male,prenesting,2e,NA,NA
2,1,15,cloudy,control,Scruffy,female,prenesting,2a,2b,Captain_Hook
2,1,15,cloudy,control,Scruffy,female,prenesting,4a,NA,NA
2,1,15,cloudy,control,Scruffy,female,prenesting,2b,NA,NA
2,1,15,cloudy,control,Scruffy,female,prenesting,4b,NA,NA
2,1,15,cloudy,control,Scruffy,female,prenesting,4b,NA,NA
2,1,15,cloudy,control,Scruffy,female,prenesting,3c,NA,NA
2,1,15,cloudy,control,Scruffy,female,prenesting,3c,NA,NA
2,1,15,cloudy,control,Scruffy,female,prenesting,3c,NA,NA
2,1,15,cloudy,control,Scruffy,female,prenesting,4d,NA,NA
2,1,15,cloudy,control,Scruffy,female,prenesting,4d,NA,NA
2,1,15,cloudy,control,Droopy,female,prenesting,1b,NA,NA
2,1,15,cloudy,control,Droopy,female,prenesting,1b,NA,NA
2,1,15,cloudy,control,Droopy,female,prenesting,1b,NA,NA
2,1,15,cloudy,control,Droopy,female,prenesting,1b,NA,NA
2,1,15,cloudy,control,Droopy,female,prenesting,1b,NA,NA
2,1,15,cloudy,control,Droopy,female,prenesting,1b,NA,NA
2,1,15,cloudy,control,Droopy,female,prenesting,1b,NA,NA
2,1,15,cloudy,control,Droopy,female,prenesting,1b,NA,NA
2,1,15,cloudy,control,Droopy,female,prenesting,1b,NA,NA
2,1,15,cloudy,control,Droopy,female,prenesting,1b,NA,NA
2,1,15,cloudy,control,Gelbwange,male,prenesting,3a,3b,Droopy
2,1,15,cloudy,control,Gelbwange,male,prenesting,3a,NA,NA
2,1,15,cloudy,control,Gelbwange,male,prenesting,3a,NA,NA
2,1,15,cloudy,control,Gelbwange,male,prenesting,3a,NA,NA
2,1,15,cloudy,control,Gelbwange,male,prenesting,3a,NA,NA
2,1,15,cloudy,control,Gelbwange,male,prenesting,3b,NA,NA
2,1,15,cloudy,control,Gelbwange,male,prenesting,3b,NA,NA
2,1,15,cloudy,control,Gelbwange,male,prenesting,3c,NA,NA
2,1,15,cloudy,control,Gelbwange,male,prenesting,3c,NA,NA
2,1,15,cloudy,control,Gelbwange,male,prenesting,1d,NA,NA
2,1,15,cloudy,control,Gelbbauch,female,prenesting,2b,NA,NA
2,1,15,cloudy,control,Gelbbauch,female,prenesting,2b,NA,NA
2,1,15,cloudy,control,Gelbbauch,female,prenesting,3b,NA,NA
2,1,15,cloudy,control,Gelbbauch,female,prenesting,4b,NA,NA
2,1,15,cloudy,control,Gelbbauch,female,prenesting,4b,NA,NA
2,1,15,cloudy,control,Gelbbauch,female,prenesting,3c,NA,NA
2,1,15,cloudy,control,Gelbbauch,female,prenesting,4d,NA,NA
2,1,15,cloudy,control,Gelbbauch,female,prenesting,4d,NA,NA
2,1,15,cloudy,control,Gelbbauch,female,prenesting,4d,NA,NA
2,1,15,cloudy,control,Gelbbauch,female,prenesting,4d,NA,NA
2,1,15,cloudy,control,Einband,male,prenesting,2a,3b,Gelbbauch
2,1,15,cloudy,control,Einband,male,prenesting,2a,4b,Gelbbauch
2,1,15,cloudy,control,Einband,male,prenesting,2a,3c,Gelbbauch
2,1,15,cloudy,control,Einband,male,prenesting,2a,NA,NA
2,1,15,cloudy,control,Einband,male,prenesting,3a,NA,NA
2,1,15,cloudy,control,Einband,male,prenesting,3a,NA,NA
2,1,15,cloudy,control,Einband,male,prenesting,3b,NA,NA
2,1,15,cloudy,control,Einband,male,prenesting,3c,NA,NA
2,1,15,cloudy,control,Einband,male,prenesting,3c,NA,NA
2,1,15,cloudy,control,Einband,male,prenesting,5c,NA,NA
2,2,15,rainy,control,Captain_Hook,male,prenesting,1b,3b,Gelbwange
2,2,15,rainy,control,Captain_Hook,male,prenesting,1b,3c,Gelbwange
2,2,15,rainy,control,Captain_Hook,male,prenesting,1b,2e,Gelbwange
2,2,15,rainy,control,Captain_Hook,male,prenesting,1b,NA,NA
2,2,15,rainy,control,Captain_Hook,male,prenesting,1b,NA,NA
2,2,15,rainy,control,Captain_Hook,male,prenesting,1b,NA,NA
2,2,15,rainy,control,Captain_Hook,male,prenesting,1b,NA,NA
2,2,15,rainy,control,Captain_Hook,male,prenesting,1b,NA,NA
2,2,15,rainy,control,Captain_Hook,male,prenesting,1b,NA,NA
2,2,15,rainy,control,Captain_Hook,male,prenesting,1b,NA,NA
2,2,15,rainy,control,Scruffy,female,prenesting,2a,3b,Gelbwange
2,2,15,rainy,control,Scruffy,female,prenesting,2a,NA,NA
2,2,15,rainy,control,Scruffy,female,prenesting,1b,NA,NA
2,2,15,rainy,control,Scruffy,female,prenesting,3c,NA,NA
2,2,15,rainy,control,Scruffy,female,prenesting,3c,NA,NA
2,2,15,rainy,control,Scruffy,female,prenesting,3c,NA,NA
2,2,15,rainy,control,Scruffy,female,prenesting,3c,NA,NA
2,2,15,rainy,control,Scruffy,female,prenesting,3c,NA,NA
2,2,15,rainy,control,Scruffy,female,prenesting,3c,NA,NA
2,2,15,rainy,control,Scruffy,female,prenesting,3c,NA,NA
2,2,15,rainy,control,Droopy,female,prenesting,4a,NA,NA
2,2,15,rainy,control,Droopy,female,prenesting,4a,NA,NA
2,2,15,rainy,control,Droopy,female,prenesting,4a,NA,NA
2,2,15,rainy,control,Droopy,female,prenesting,5a,NA,NA
2,2,15,rainy,control,Droopy,female,prenesting,5a,NA,NA
2,2,15,rainy,control,Droopy,female,prenesting,5a,NA,NA
2,2,15,rainy,control,Droopy,female,prenesting,5a,NA,NA
2,2,15,rainy,control,Droopy,female,prenesting,3b,NA,NA
2,2,15,rainy,control,Droopy,female,prenesting,3b,NA,NA
2,2,15,rainy,control,Droopy,female,prenesting,3c,NA,NA
2,2,15,rainy,control,Gelbwange,male,prenesting,2c,2c,Droopy
2,2,15,rainy,control,Gelbwange,male,prenesting,3c,3c,Einband
2,2,15,rainy,control,Gelbwange,male,prenesting,3c,2e,Gelbwange
2,2,15,rainy,control,Gelbwange,male,prenesting,3c,5e,Captain_Hook
2,2,15,rainy,control,Gelbwange,male,prenesting,3c,NA,NA
2,2,15,rainy,control,Gelbwange,male,prenesting,3c,NA,NA
2,2,15,rainy,control,Gelbwange,male,prenesting,2e,NA,NA
2,2,15,rainy,control,Gelbwange,male,prenesting,5e,NA,NA
2,2,15,rainy,control,Gelbwange,male,prenesting,5e,NA,NA
2,2,15,rainy,control,Gelbwange,male,prenesting,5e,NA,NA
2,2,15,rainy,control,Gelbbauch,female,prenesting,5b,NA,NA
2,2,15,rainy,control,Gelbbauch,female,prenesting,1d,NA,NA
2,2,15,rainy,control,Gelbbauch,female,prenesting,1d,NA,NA
2,2,15,rainy,control,Gelbbauch,female,prenesting,1d,NA,NA
2,2,15,rainy,control,Gelbbauch,female,prenesting,1d,NA,NA
2,2,15,rainy,control,Gelbbauch,female,prenesting,1d,NA,NA
2,2,15,rainy,control,Gelbbauch,female,prenesting,1d,NA,NA
2,2,15,rainy,control,Gelbbauch,female,prenesting,1d,NA,NA
2,2,15,rainy,control,Gelbbauch,female,prenesting,1d,NA,NA
2,2,15,rainy,control,Gelbbauch,female,prenesting,1d,NA,NA
2,2,15,rainy,control,Einband,male,prenesting,2a,2b,Captain_Hook
2,2,15,rainy,control,Einband,male,prenesting,2a,NA,NA
2,2,15,rainy,control,Einband,male,prenesting,2a,NA,NA
2,2,15,rainy,control,Einband,male,prenesting,2a,NA,NA
2,2,15,rainy,control,Einband,male,prenesting,2a,NA,NA
2,2,15,rainy,control,Einband,male,prenesting,2a,NA,NA
2,2,15,rainy,control,Einband,male,prenesting,2a,NA,NA
2,2,15,rainy,control,Einband,male,prenesting,2a,NA,NA
2,2,15,rainy,control,Einband,male,prenesting,2a,NA,NA
2,2,15,rainy,control,Einband,male,prenesting,2a,NA,NA
3,1,,rainy,control,Captain_Hook,male,breeding,3a,3b,Scruffy
3,1,,rainy,control,Captain_Hook,male,breeding,4a,5b,Gelbbauch
3,1,,rainy,control,Captain_Hook,male,breeding,4a,NA,NA
3,1,,rainy,control,Captain_Hook,male,breeding,3b,NA,NA
3,1,,rainy,control,Captain_Hook,male,breeding,4b,NA,NA
3,1,,rainy,control,Captain_Hook,male,breeding,5b,NA,NA
3,1,,rainy,control,Captain_Hook,male,breeding,5b,NA,NA
3,1,,rainy,control,Captain_Hook,male,breeding,5b,NA,NA
3,1,,rainy,control,Captain_Hook,male,breeding,5c,NA,NA
3,1,,rainy,control,Captain_Hook,male,breeding,5d,NA,NA
3,1,,rainy,control,Scruffy,female,prenesting,2a,1a,Gelbwange
3,1,,rainy,control,Scruffy,female,prenesting,2a,2a,Gelbwange
3,1,,rainy,control,Scruffy,female,prenesting,2a,NA,NA
3,1,,rainy,control,Scruffy,female,prenesting,2a,NA,NA
3,1,,rainy,control,Scruffy,female,prenesting,2a,NA,NA
3,1,,rainy,control,Scruffy,female,prenesting,2a,NA,NA
3,1,,rainy,control,Scruffy,female,prenesting,2a,NA,NA
3,1,,rainy,control,Scruffy,female,prenesting,2a,NA,NA
3,1,,rainy,control,Scruffy,female,prenesting,2a,NA,NA
3,1,,rainy,control,Scruffy,female,prenesting,2a,NA,NA
3,1,,rainy,control,Droopy,female,breeding,1b,NA,NA
3,1,,rainy,control,Droopy,female,breeding,1b,NA,NA
3,1,,rainy,control,Droopy,female,breeding,1b,NA,NA
3,1,,rainy,control,Droopy,female,breeding,1b,NA,NA
3,1,,rainy,control,Droopy,female,breeding,1b,NA,NA
3,1,,rainy,control,Droopy,female,breeding,1b,NA,NA
3,1,,rainy,control,Droopy,female,breeding,1b,NA,NA
3,1,,rainy,control,Droopy,female,breeding,1b,NA,NA
3,1,,rainy,control,Droopy,female,breeding,1b,NA,NA
3,1,,rainy,control,Droopy,female,breeding,1b,NA,NA
3,1,,rainy,control,Gelbwange,male,breeding,2a,NA,NA
3,1,,rainy,control,Gelbwange,male,breeding,2a,NA,NA
3,1,,rainy,control,Gelbwange,male,breeding,3a,NA,NA
3,1,,rainy,control,Gelbwange,male,breeding,3a,NA,NA
3,1,,rainy,control,Gelbwange,male,breeding,4a,NA,NA
3,1,,rainy,control,Gelbwange,male,breeding,4a,NA,NA
3,1,,rainy,control,Gelbwange,male,breeding,5a,NA,NA
3,1,,rainy,control,Gelbwange,male,breeding,1d,NA,NA
3,1,,rainy,control,Gelbwange,male,breeding,1d,NA,NA
3,1,,rainy,control,Gelbwange,male,breeding,2d,NA,NA
3,1,,rainy,control,Gelbbauch,female,breeding,4a,4a,Scruffy
3,1,,rainy,control,Gelbbauch,female,breeding,4a,NA,NA
3,1,,rainy,control,Gelbbauch,female,breeding,4b,NA,NA
3,1,,rainy,control,Gelbbauch,female,breeding,4b,NA,NA
3,1,,rainy,control,Gelbbauch,female,breeding,4b,NA,NA
3,1,,rainy,control,Gelbbauch,female,breeding,4b,NA,NA
3,1,,rainy,control,Gelbbauch,female,breeding,4b,NA,NA
3,1,,rainy,control,Gelbbauch,female,breeding,4b,NA,NA
3,1,,rainy,control,Gelbbauch,female,breeding,4b,NA,NA
3,1,,rainy,control,Gelbbauch,female,breeding,4c,NA,NA
3,1,,rainy,control,Einband,male,prenesting,2a,2a,Gelbwange
3,1,,rainy,control,Einband,male,prenesting,2a,2a,Gelbwange
3,1,,rainy,control,Einband,male,prenesting,2a,3a,Captain_Hook
3,1,,rainy,control,Einband,male,prenesting,2a,3a,Captain_Hook
3,1,,rainy,control,Einband,male,prenesting,2a,4a,Gelbwange
3,1,,rainy,control,Einband,male,prenesting,2a,2b,Gelbwange
3,1,,rainy,control,Einband,male,prenesting,2a,4b,Gelbbauch
3,1,,rainy,control,Einband,male,prenesting,2a,5b,Captain_Hook
3,1,,rainy,control,Einband,male,prenesting,2a,5b,Captain_Hook
3,1,,rainy,control,Einband,male,prenesting,2a,4c,Gelbwange
3,2,20,sunny,control,Captain_Hook,male,breeding,1b,3c,Gelbbauch
3,2,20,sunny,control,Captain_Hook,male,breeding,3b,NA,NA
3,2,20,sunny,control,Captain_Hook,male,breeding,1c,NA,NA
3,2,20,sunny,control,Captain_Hook,male,breeding,5e,NA,NA
3,2,20,sunny,control,Captain_Hook,male,breeding,5e,NA,NA
3,2,20,sunny,control,Captain_Hook,male,breeding,5e,NA,NA
3,2,20,sunny,control,Captain_Hook,male,breeding,5e,NA,NA
3,2,20,sunny,control,Captain_Hook,male,breeding,5e,NA,NA
3,2,20,sunny,control,Captain_Hook,male,breeding,5e,NA,NA
3,2,20,sunny,control,Captain_Hook,male,breeding,5e,NA,NA
3,2,20,sunny,control,Scruffy,female,prenesting,4a,NA,NA
3,2,20,sunny,control,Scruffy,female,prenesting,3c,NA,NA
3,2,20,sunny,control,Scruffy,female,prenesting,3c,NA,NA
3,2,20,sunny,control,Scruffy,female,prenesting,3c,NA,NA
3,2,20,sunny,control,Scruffy,female,prenesting,3c,NA,NA
3,2,20,sunny,control,Scruffy,female,prenesting,3c,NA,NA
3,2,20,sunny,control,Scruffy,female,prenesting,5c,NA,NA
3,2,20,sunny,control,Scruffy,female,prenesting,5c,NA,NA
3,2,20,sunny,control,Scruffy,female,prenesting,4d,NA,NA
3,2,20,sunny,control,Scruffy,female,prenesting,5e,NA,NA
3,2,20,sunny,control,Droopy,female,breeding,2a,2a,Gelbwange
3,2,20,sunny,control,Droopy,female,breeding,2a,2b,Scruffy
3,2,20,sunny,control,Droopy,female,breeding,2a,NA,NA
3,2,20,sunny,control,Droopy,female,breeding,2a,NA,NA
3,2,20,sunny,control,Droopy,female,breeding,2a,NA,NA
3,2,20,sunny,control,Droopy,female,breeding,2a,NA,NA
3,2,20,sunny,control,Droopy,female,breeding,3a,NA,NA
3,2,20,sunny,control,Droopy,female,breeding,5a,NA,NA
3,2,20,sunny,control,Droopy,female,breeding,3c,NA,NA
3,2,20,sunny,control,Droopy,female,breeding,4c,NA,NA
3,2,20,sunny,control,Gelbwange,male,breeding,1d,2a,Droopy
3,2,20,sunny,control,Gelbwange,male,breeding,1d,3c,Droopy
3,2,20,sunny,control,Gelbwange,male,breeding,1d,NA,NA
3,2,20,sunny,control,Gelbwange,male,breeding,1d,NA,NA
3,2,20,sunny,control,Gelbwange,male,breeding,1d,NA,NA
3,2,20,sunny,control,Gelbwange,male,breeding,1d,NA,NA
3,2,20,sunny,control,Gelbwange,male,breeding,1d,NA,NA
3,2,20,sunny,control,Gelbwange,male,breeding,1d,NA,NA
3,2,20,sunny,control,Gelbwange,male,breeding,1d,NA,NA
3,2,20,sunny,control,Gelbwange,male,breeding,1d,NA,NA
3,2,20,sunny,control,Gelbbauch,female,breeding,2a,2c,Captain_Hook
3,2,20,sunny,control,Gelbbauch,female,breeding,2a,NA,NA
3,2,20,sunny,control,Gelbbauch,female,breeding,2a,NA,NA
3,2,20,sunny,control,Gelbbauch,female,breeding,2a,NA,NA
3,2,20,sunny,control,Gelbbauch,female,breeding,4b,NA,NA
3,2,20,sunny,control,Gelbbauch,female,breeding,5b,NA,NA
3,2,20,sunny,control,Gelbbauch,female,breeding,3c,NA,NA
3,2,20,sunny,control,Gelbbauch,female,breeding,3c,NA,NA
3,2,20,sunny,control,Gelbbauch,female,breeding,3c,NA,NA
3,2,20,sunny,control,Gelbbauch,female,breeding,5d,NA,NA
3,2,20,sunny,control,Einband,male,prenesting,2a,NA,NA
3,2,20,sunny,control,Einband,male,prenesting,3c,NA,NA
3,2,20,sunny,control,Einband,male,prenesting,3c,NA,NA
3,2,20,sunny,control,Einband,male,prenesting,3c,NA,NA
3,2,20,sunny,control,Einband,male,prenesting,3c,NA,NA
3,2,20,sunny,control,Einband,male,prenesting,4c,NA,NA
3,2,20,sunny,control,Einband,male,prenesting,4c,NA,NA
3,2,20,sunny,control,Einband,male,prenesting,5c,NA,NA
3,2,20,sunny,control,Einband,male,prenesting,5c,NA,NA
3,2,20,sunny,control,Einband,male,prenesting,5c,NA,NA
4,1,,sunny,control,Captain_Hook,male,breeding,3a,2a,Einband
4,1,,sunny,control,Captain_Hook,male,breeding,1b,3a,Einband
4,1,,sunny,control,Captain_Hook,male,breeding,1b,NA,NA
4,1,,sunny,control,Captain_Hook,male,breeding,1b,NA,NA
4,1,,sunny,control,Captain_Hook,male,breeding,1b,NA,NA
4,1,,sunny,control,Captain_Hook,male,breeding,1b,NA,NA
4,1,,sunny,control,Captain_Hook,male,breeding,4b,NA,NA
4,1,,sunny,control,Captain_Hook,male,breeding,4b,NA,NA
4,1,,sunny,control,Captain_Hook,male,breeding,2e,NA,NA
4,1,,sunny,control,Captain_Hook,male,breeding,3e,NA,NA
4,1,,sunny,control,Scruffy,female,prenesting,2a,2a,Droopy
4,1,,sunny,control,Scruffy,female,prenesting,2a,2a,Gelbwange
4,1,,sunny,control,Scruffy,female,prenesting,2a,3a,Droopy
4,1,,sunny,control,Scruffy,female,prenesting,2a,NA,NA
4,1,,sunny,control,Scruffy,female,prenesting,2a,NA,NA
4,1,,sunny,control,Scruffy,female,prenesting,2a,NA,NA
4,1,,sunny,control,Scruffy,female,prenesting,2a,NA,NA
4,1,,sunny,control,Scruffy,female,prenesting,2a,NA,NA
4,1,,sunny,control,Scruffy,female,prenesting,2a,NA,NA
4,1,,sunny,control,Scruffy,female,prenesting,2a,NA,NA
4,1,,sunny,control,Droopy,female,breeding,1a,NA,NA
4,1,,sunny,control,Droopy,female,breeding,1a,NA,NA
4,1,,sunny,control,Droopy,female,breeding,2a,NA,NA
4,1,,sunny,control,Droopy,female,breeding,2a,NA,NA
4,1,,sunny,control,Droopy,female,breeding,2a,NA,NA
4,1,,sunny,control,Droopy,female,breeding,2a,NA,NA
4,1,,sunny,control,Droopy,female,breeding,3a,NA,NA
4,1,,sunny,control,Droopy,female,breeding,3a,NA,NA
4,1,,sunny,control,Droopy,female,breeding,3b,NA,NA
4,1,,sunny,control,Droopy,female,breeding,3b,NA,NA
4,1,,sunny,control,Gelbwange,male,breeding,1a,NA,NA
4,1,,sunny,control,Gelbwange,male,breeding,1a,NA,NA
4,1,,sunny,control,Gelbwange,male,breeding,2a,NA,NA
4,1,,sunny,control,Gelbwange,male,breeding,4b,NA,NA
4,1,,sunny,control,Gelbwange,male,breeding,4b,NA,NA
4,1,,sunny,control,Gelbwange,male,breeding,4b,NA,NA
4,1,,sunny,control,Gelbwange,male,breeding,4b,NA,NA
4,1,,sunny,control,Gelbwange,male,breeding,4b,NA,NA
4,1,,sunny,control,Gelbwange,male,breeding,4b,NA,NA
4,1,,sunny,control,Gelbwange,male,breeding,4b,NA,NA
4,1,,sunny,control,Gelbbauch,female,breeding,2a,5c,Droopy
4,1,,sunny,control,Gelbbauch,female,breeding,2a,NA,NA
4,1,,sunny,control,Gelbbauch,female,breeding,2a,NA,NA
4,1,,sunny,control,Gelbbauch,female,breeding,2a,NA,NA
4,1,,sunny,control,Gelbbauch,female,breeding,2a,NA,NA
4,1,,sunny,control,Gelbbauch,female,breeding,3a,NA,NA
4,1,,sunny,control,Gelbbauch,female,breeding,3a,NA,NA
4,1,,sunny,control,Gelbbauch,female,breeding,3a,NA,NA
4,1,,sunny,control,Gelbbauch,female,breeding,4b,NA,NA
4,1,,sunny,control,Gelbbauch,female,breeding,5c,NA,NA
4,1,,sunny,control,Einband,male,prenesting,2a,3a,Gelbbauch
4,1,,sunny,control,Einband,male,prenesting,2a,3a,Gelbbauch
4,1,,sunny,control,Einband,male,prenesting,2a,3a,Gelbbauch
4,1,,sunny,control,Einband,male,prenesting,2a,3a,Gelbbauch
4,1,,sunny,control,Einband,male,prenesting,2a,3a,Gelbbauch
4,1,,sunny,control,Einband,male,prenesting,2a,NA,NA
4,1,,sunny,control,Einband,male,prenesting,2a,NA,NA
4,1,,sunny,control,Einband,male,prenesting,2a,NA,NA
4,1,,sunny,control,Einband,male,prenesting,3a,NA,NA
4,1,,sunny,control,Einband,male,prenesting,3a,NA,NA
4,2,25,sunny,control,Captain_Hook,male,breeding,1b,5b,Einband
4,2,25,sunny,control,Captain_Hook,male,breeding,1b,3c,Einband
4,2,25,sunny,control,Captain_Hook,male,breeding,1b,4c,Einband
4,2,25,sunny,control,Captain_Hook,male,breeding,4b,4c,Einband
4,2,25,sunny,control,Captain_Hook,male,breeding,3c,5d,Einband
4,2,25,sunny,control,Captain_Hook,male,breeding,4c,3e,Einband
4,2,25,sunny,control,Captain_Hook,male,breeding,4c,NA,NA
4,2,25,sunny,control,Captain_Hook,male,breeding,5c,NA,NA
4,2,25,sunny,control,Captain_Hook,male,breeding,3d,NA,NA
4,2,25,sunny,control,Captain_Hook,male,breeding,3e,NA,NA
4,2,25,sunny,control,Scruffy,female,prenesting,5c,NA,NA
4,2,25,sunny,control,Scruffy,female,prenesting,4d,NA,NA
4,2,25,sunny,control,Scruffy,female,prenesting,4d,NA,NA
4,2,25,sunny,control,Scruffy,female,prenesting,4d,NA,NA
4,2,25,sunny,control,Scruffy,female,prenesting,4d,NA,NA
4,2,25,sunny,control,Scruffy,female,prenesting,4d,NA,NA
4,2,25,sunny,control,Scruffy,female,prenesting,5d,NA,NA
4,2,25,sunny,control,Scruffy,female,prenesting,5d,NA,NA
4,2,25,sunny,control,Scruffy,female,prenesting,5d,NA,NA
4,2,25,sunny,control,Scruffy,female,prenesting,5d,NA,NA
4,2,25,sunny,control,Droopy,female,breeding,2a,NA,NA
4,2,25,sunny,control,Droopy,female,breeding,2a,NA,NA
4,2,25,sunny,control,Droopy,female,breeding,3a,NA,NA
4,2,25,sunny,control,Droopy,female,breeding,3a,NA,NA
4,2,25,sunny,control,Droopy,female,breeding,3a,NA,NA
4,2,25,sunny,control,Droopy,female,breeding,3a,NA,NA
4,2,25,sunny,control,Droopy,female,breeding,1b,NA,NA
4,2,25,sunny,control,Droopy,female,breeding,4b,NA,NA
4,2,25,sunny,control,Droopy,female,breeding,3c,NA,NA
4,2,25,sunny,control,Droopy,female,breeding,3c,NA,NA
4,2,25,sunny,control,Gelbbauch,female,breeding,3b,3d,Scruffy
4,2,25,sunny,control,Gelbbauch,female,breeding,5b,4d,Scruffy
4,2,25,sunny,control,Gelbbauch,female,breeding,3c,4d,Scruffy
4,2,25,sunny,control,Gelbbauch,female,breeding,3c,5e,Scruffy
4,2,25,sunny,control,Gelbbauch,female,breeding,4c,NA,NA
4,2,25,sunny,control,Gelbbauch,female,breeding,4c,NA,NA
4,2,25,sunny,control,Gelbbauch,female,breeding,1d,NA,NA
4,2,25,sunny,control,Gelbbauch,female,breeding,1d,NA,NA
4,2,25,sunny,control,Gelbbauch,female,breeding,4d,NA,NA
4,2,25,sunny,control,Gelbbauch,female,breeding,5e,NA,NA
4,2,25,sunny,control,Einband,male,prenesting,2a,4b,Droopy
4,2,25,sunny,control,Einband,male,prenesting,2a,4b,Captain_Hook
4,2,25,sunny,control,Einband,male,prenesting,2a,5b,Captain_Hook
4,2,25,sunny,control,Einband,male,prenesting,2a,5b,Captain_Hook
4,2,25,sunny,control,Einband,male,prenesting,2a,3c,Captain_Hook
4,2,25,sunny,control,Einband,male,prenesting,4b,5c,Captain_Hook
4,2,25,sunny,control,Einband,male,prenesting,4b,4d,Captain_Hook
4,2,25,sunny,control,Einband,male,prenesting,4c,5e,Captain_Hook
4,2,25,sunny,control,Einband,male,prenesting,5c,NA,NA
4,2,25,sunny,control,Einband,male,prenesting,5e,NA,NA
5,1,,sunny,nest_c,Captain_Hook,male,breeding,3a,NA,NA
5,1,,sunny,nest_c,Captain_Hook,male,breeding,3b,NA,NA
5,1,,sunny,nest_c,Captain_Hook,male,breeding,3b,NA,NA
5,1,,sunny,nest_c,Captain_Hook,male,breeding,3b,NA,NA
5,1,,sunny,nest_c,Captain_Hook,male,breeding,1b,NA,NA
5,1,,sunny,nest_c,Captain_Hook,male,breeding,5b,NA,NA
5,1,,sunny,nest_c,Captain_Hook,male,breeding,3c,NA,NA
5,1,,sunny,nest_c,Captain_Hook,male,breeding,3d,NA,NA
5,1,,sunny,nest_c,Captain_Hook,male,breeding,4d,NA,NA
5,1,,sunny,nest_c,Captain_Hook,male,breeding,5c,NA,NA
5,1,,sunny,nest_c,Scruffy,female,prenesting,4b,NA,NA
5,1,,sunny,nest_c,Scruffy,female,prenesting,4b,NA,NA
5,1,,sunny,nest_c,Scruffy,female,prenesting,4b,NA,NA
5,1,,sunny,nest_c,Scruffy,female,prenesting,5b,NA,NA
5,1,,sunny,nest_c,Scruffy,female,prenesting,3c,NA,NA
5,1,,sunny,nest_c,Scruffy,female,prenesting,4c,NA,NA
5,1,,sunny,nest_c,Scruffy,female,prenesting,4c,NA,NA
5,1,,sunny,nest_c,Scruffy,female,prenesting,3d,NA,NA
5,1,,sunny,nest_c,Scruffy,female,prenesting,3d,NA,NA
5,1,,sunny,nest_c,Scruffy,female,prenesting,3e,NA,NA
5,1,,sunny,nest_c,Droopy,female,breeding,1a,NA,NA
5,1,,sunny,nest_c,Droopy,female,breeding,1a,NA,NA
5,1,,sunny,nest_c,Droopy,female,breeding,2a,NA,NA
5,1,,sunny,nest_c,Droopy,female,breeding,3a,NA,NA
5,1,,sunny,nest_c,Droopy,female,breeding,3a,NA,NA
5,1,,sunny,nest_c,Droopy,female,breeding,3a,NA,NA
5,1,,sunny,nest_c,Droopy,female,breeding,2c,NA,NA
5,1,,sunny,nest_c,Droopy,female,breeding,2c,NA,NA
5,1,,sunny,nest_c,Droopy,female,breeding,1d,NA,NA
5,1,,sunny,nest_c,Droopy,female,breeding,1d,NA,NA
5,1,,sunny,nest_c,Gelbbauch,female,breeding,1d,NA,NA
5,1,,sunny,nest_c,Gelbbauch,female,breeding,1d,NA,NA
5,1,,sunny,nest_c,Gelbbauch,female,breeding,1d,NA,NA
5,1,,sunny,nest_c,Gelbbauch,female,breeding,1d,NA,NA
5,1,,sunny,nest_c,Gelbbauch,female,breeding,1d,NA,NA
5,1,,sunny,nest_c,Gelbbauch,female,breeding,1d,NA,NA
5,1,,sunny,nest_c,Gelbbauch,female,breeding,1d,NA,NA
5,1,,sunny,nest_c,Gelbbauch,female,breeding,1d,NA,NA
5,1,,sunny,nest_c,Gelbbauch,female,breeding,1d,NA,NA
5,1,,sunny,nest_c,Gelbbauch,female,breeding,1d,NA,NA
5,1,,sunny,nest_c,Einband,male,prenesting,1a,NA,NA
5,1,,sunny,nest_c,Einband,male,prenesting,5a,NA,NA
5,1,,sunny,nest_c,Einband,male,prenesting,5a,NA,NA
5,1,,sunny,nest_c,Einband,male,prenesting,2b,NA,NA
5,1,,sunny,nest_c,Einband,male,prenesting,2b,NA,NA
5,1,,sunny,nest_c,Einband,male,prenesting,2b,NA,NA
5,1,,sunny,nest_c,Einband,male,prenesting,2b,NA,NA
5,1,,sunny,nest_c,Einband,male,prenesting,2b,NA,NA
5,1,,sunny,nest_c,Einband,male,prenesting,2b,NA,NA
5,1,,sunny,nest_c,Einband,male,prenesting,4c,NA,NA
5,2,24,sunny,nest_c,Captain_Hook,male,breeding,1d,5d,Scruffy
5,2,24,sunny,nest_c,Captain_Hook,male,breeding,1d,NA,NA
5,2,24,sunny,nest_c,Captain_Hook,male,breeding,1d,NA,NA
5,2,24,sunny,nest_c,Captain_Hook,male,breeding,1d,NA,NA
5,2,24,sunny,nest_c,Captain_Hook,male,breeding,1d,NA,NA
5,2,24,sunny,nest_c,Captain_Hook,male,breeding,5d,NA,NA
5,2,24,sunny,nest_c,Captain_Hook,male,breeding,5d,NA,NA
5,2,24,sunny,nest_c,Captain_Hook,male,breeding,5e,NA,NA
5,2,24,sunny,nest_c,Captain_Hook,male,breeding,5e,NA,NA
5,2,24,sunny,nest_c,Captain_Hook,male,breeding,5e,NA,NA
5,2,24,sunny,nest_c,Scruffy,female,prenesting,2a,NA,NA
5,2,24,sunny,nest_c,Scruffy,female,prenesting,2a,NA,NA
5,2,24,sunny,nest_c,Scruffy,female,prenesting,2a,NA,NA
5,2,24,sunny,nest_c,Scruffy,female,prenesting,2a,NA,NA
5,2,24,sunny,nest_c,Scruffy,female,prenesting,2a,NA,NA
5,2,24,sunny,nest_c,Scruffy,female,prenesting,2a,NA,NA
5,2,24,sunny,nest_c,Scruffy,female,prenesting,1c,NA,NA
5,2,24,sunny,nest_c,Scruffy,female,prenesting,2c,NA,NA
5,2,24,sunny,nest_c,Scruffy,female,prenesting,5d,NA,NA
5,2,24,sunny,nest_c,Scruffy,female,prenesting,5d,NA,NA
5,2,24,sunny,nest_c,Droopy,female,breeding,1a,NA,NA
5,2,24,sunny,nest_c,Droopy,female,breeding,3a,NA,NA
5,2,24,sunny,nest_c,Droopy,female,breeding,3a,NA,NA
5,2,24,sunny,nest_c,Droopy,female,breeding,1b,NA,NA
5,2,24,sunny,nest_c,Droopy,female,breeding,1b,NA,NA
5,2,24,sunny,nest_c,Droopy,female,breeding,1b,NA,NA
5,2,24,sunny,nest_c,Droopy,female,breeding,1b,NA,NA
5,2,24,sunny,nest_c,Droopy,female,breeding,4b,NA,NA
5,2,24,sunny,nest_c,Droopy,female,breeding,4b,NA,NA
5,2,24,sunny,nest_c,Droopy,female,breeding,4d,NA,NA
5,2,24,sunny,nest_c,Gelbbauch,female,breeding,2a,NA,NA
5,2,24,sunny,nest_c,Gelbbauch,female,breeding,2b,NA,NA
5,2,24,sunny,nest_c,Gelbbauch,female,breeding,1d,NA,NA
5,2,24,sunny,nest_c,Gelbbauch,female,breeding,1d,NA,NA
5,2,24,sunny,nest_c,Gelbbauch,female,breeding,1d,NA,NA
5,2,24,sunny,nest_c,Gelbbauch,female,breeding,1d,NA,NA
5,2,24,sunny,nest_c,Gelbbauch,female,breeding,1d,NA,NA
5,2,24,sunny,nest_c,Gelbbauch,female,breeding,1d,NA,NA
5,2,24,sunny,nest_c,Gelbbauch,female,breeding,1d,NA,NA
5,2,24,sunny,nest_c,Gelbbauch,female,breeding,2e,NA,NA
5,2,24,sunny,nest_c,Einband,male,prenesting,2a,2b,Captain_Hook
5,2,24,sunny,nest_c,Einband,male,prenesting,2a,NA,NA
5,2,24,sunny,nest_c,Einband,male,prenesting,2a,NA,NA
5,2,24,sunny,nest_c,Einband,male,prenesting,2a,NA,NA
5,2,24,sunny,nest_c,Einband,male,prenesting,2a,NA,NA
5,2,24,sunny,nest_c,Einband,male,prenesting,2a,NA,NA
5,2,24,sunny,nest_c,Einband,male,prenesting,2a,NA,NA
5,2,24,sunny,nest_c,Einband,male,prenesting,2a,NA,NA
5,2,24,sunny,nest_c,Einband,male,prenesting,2a,NA,NA
5,2,24,sunny,nest_c,Einband,male,prenesting,1d,NA,NA
6,1,23,sunny,nest_c,Captain_Hook,male,breeding,1b,2b,Gelbbauch
6,1,23,sunny,nest_c,Captain_Hook,male,breeding,1b,NA,NA
6,1,23,sunny,nest_c,Captain_Hook,male,breeding,1b,NA,NA
6,1,23,sunny,nest_c,Captain_Hook,male,breeding,1b,NA,NA
6,1,23,sunny,nest_c,Captain_Hook,male,breeding,1b,NA,NA
6,1,23,sunny,nest_c,Captain_Hook,male,breeding,1b,NA,NA
6,1,23,sunny,nest_c,Captain_Hook,male,breeding,1b,NA,NA
6,1,23,sunny,nest_c,Captain_Hook,male,breeding,1b,NA,NA
6,1,23,sunny,nest_c,Captain_Hook,male,breeding,3b,NA,NA
6,1,23,sunny,nest_c,Captain_Hook,male,breeding,2d,NA,NA
6,1,23,sunny,nest_c,Scruffy,female,breeding,2a,NA,NA
6,1,23,sunny,nest_c,Scruffy,female,breeding,3a,NA,NA
6,1,23,sunny,nest_c,Scruffy,female,breeding,3a,NA,NA
6,1,23,sunny,nest_c,Scruffy,female,breeding,2b,NA,NA
6,1,23,sunny,nest_c,Scruffy,female,breeding,2b,NA,NA
6,1,23,sunny,nest_c,Scruffy,female,breeding,2b,NA,NA
6,1,23,sunny,nest_c,Scruffy,female,breeding,2b,NA,NA
6,1,23,sunny,nest_c,Scruffy,female,breeding,2b,NA,NA
6,1,23,sunny,nest_c,Scruffy,female,breeding,2b,NA,NA
6,1,23,sunny,nest_c,Scruffy,female,breeding,2b,NA,NA
6,1,23,sunny,nest_c,Droopy,female,breeding,1b,NA,NA
6,1,23,sunny,nest_c,Droopy,female,breeding,1b,NA,NA
6,1,23,sunny,nest_c,Droopy,female,breeding,1b,NA,NA
6,1,23,sunny,nest_c,Droopy,female,breeding,1b,NA,NA
6,1,23,sunny,nest_c,Droopy,female,breeding,1b,NA,NA
6,1,23,sunny,nest_c,Droopy,female,breeding,1b,NA,NA
6,1,23,sunny,nest_c,Droopy,female,breeding,1b,NA,NA
6,1,23,sunny,nest_c,Droopy,female,breeding,1b,NA,NA
6,1,23,sunny,nest_c,Droopy,female,breeding,1b,NA,NA
6,1,23,sunny,nest_c,Droopy,female,breeding,1b,NA,NA
6,1,23,sunny,nest_c,Gelbbauch,female,breeding,3a,NA,NA
6,1,23,sunny,nest_c,Gelbbauch,female,breeding,3a,NA,NA
6,1,23,sunny,nest_c,Gelbbauch,female,breeding,2b,NA,NA
6,1,23,sunny,nest_c,Gelbbauch,female,breeding,2b,NA,NA
6,1,23,sunny,nest_c,Gelbbauch,female,breeding,2b,NA,NA
6,1,23,sunny,nest_c,Gelbbauch,female,breeding,2b,NA,NA
6,1,23,sunny,nest_c,Gelbbauch,female,breeding,3b,NA,NA
6,1,23,sunny,nest_c,Gelbbauch,female,breeding,4b,NA,NA
6,1,23,sunny,nest_c,Gelbbauch,female,breeding,5b,NA,NA
6,1,23,sunny,nest_c,Gelbbauch,female,breeding,5e,NA,NA
6,1,23,sunny,nest_c,Einband,male,breeding,2b,NA,NA
6,1,23,sunny,nest_c,Einband,male,breeding,2b,NA,NA
6,1,23,sunny,nest_c,Einband,male,breeding,2b,NA,NA
6,1,23,sunny,nest_c,Einband,male,breeding,2b,NA,NA
6,1,23,sunny,nest_c,Einband,male,breeding,2b,NA,NA
6,1,23,sunny,nest_c,Einband,male,breeding,2b,NA,NA
6,1,23,sunny,nest_c,Einband,male,breeding,2b,NA,NA
6,1,23,sunny,nest_c,Einband,male,breeding,2b,NA,NA
6,1,23,sunny,nest_c,Einband,male,breeding,2b,NA,NA
6,1,23,sunny,nest_c,Einband,male,breeding,2b,NA,NA
6,2,25,sunny,nest_c,Captain_Hook,male,breeding,2a,NA,NA
6,2,25,sunny,nest_c,Captain_Hook,male,breeding,2a,NA,NA
6,2,25,sunny,nest_c,Captain_Hook,male,breeding,1b,NA,NA
6,2,25,sunny,nest_c,Captain_Hook,male,breeding,4d,NA,NA
6,2,25,sunny,nest_c,Captain_Hook,male,breeding,4d,NA,NA
6,2,25,sunny,nest_c,Captain_Hook,male,breeding,4d,NA,NA
6,2,25,sunny,nest_c,Captain_Hook,male,breeding,4d,NA,NA
6,2,25,sunny,nest_c,Captain_Hook,male,breeding,4d,NA,NA
6,2,25,sunny,nest_c,Captain_Hook,male,breeding,4d,NA,NA
6,2,25,sunny,nest_c,Captain_Hook,male,breeding,4d,NA,NA
6,2,25,sunny,nest_c,Scruffy,female,breeding,2b,2b,Scruffy
6,2,25,sunny,nest_c,Scruffy,female,breeding,2b,4c,Droopy
6,2,25,sunny,nest_c,Scruffy,female,breeding,2b,NA,NA
6,2,25,sunny,nest_c,Scruffy,female,breeding,2b,NA,NA
6,2,25,sunny,nest_c,Scruffy,female,breeding,4c,NA,NA
6,2,25,sunny,nest_c,Scruffy,female,breeding,4c,NA,NA
6,2,25,sunny,nest_c,Scruffy,female,breeding,4c,NA,NA
6,2,25,sunny,nest_c,Scruffy,female,breeding,4c,NA,NA
6,2,25,sunny,nest_c,Scruffy,female,breeding,5d,NA,NA
6,2,25,sunny,nest_c,Scruffy,female,breeding,5d,NA,NA
6,2,25,sunny,nest_c,Droopy,female,breeding,3b,NA,NA
6,2,25,sunny,nest_c,Droopy,female,breeding,3b,NA,NA
6,2,25,sunny,nest_c,Droopy,female,breeding,3c,NA,NA
6,2,25,sunny,nest_c,Droopy,female,breeding,3c,NA,NA
6,2,25,sunny,nest_c,Droopy,female,breeding,3c,NA,NA
6,2,25,sunny,nest_c,Droopy,female,breeding,5c,NA,NA
6,2,25,sunny,nest_c,Droopy,female,breeding,5c,NA,NA
6,2,25,sunny,nest_c,Droopy,female,breeding,1d,NA,NA
6,2,25,sunny,nest_c,Droopy,female,breeding,1d,NA,NA
6,2,25,sunny,nest_c,Droopy,female,breeding,2e,NA,NA
6,2,25,sunny,nest_c,Gelbbauch,female,breeding,1d,NA,NA
6,2,25,sunny,nest_c,Gelbbauch,female,breeding,1d,NA,NA
6,2,25,sunny,nest_c,Gelbbauch,female,breeding,1d,NA,NA
6,2,25,sunny,nest_c,Gelbbauch,female,breeding,1d,NA,NA
6,2,25,sunny,nest_c,Gelbbauch,female,breeding,1d,NA,NA
6,2,25,sunny,nest_c,Gelbbauch,female,breeding,1d,NA,NA
6,2,25,sunny,nest_c,Gelbbauch,female,breeding,1d,NA,NA
6,2,25,sunny,nest_c,Gelbbauch,female,breeding,1d,NA,NA
6,2,25,sunny,nest_c,Gelbbauch,female,breeding,1d,NA,NA
6,2,25,sunny,nest_c,Gelbbauch,female,breeding,1d,NA,NA
6,2,25,sunny,nest_c,Einband,male,breeding,2a,NA,NA
6,2,25,sunny,nest_c,Einband,male,breeding,2a,NA,NA
6,2,25,sunny,nest_c,Einband,male,breeding,2a,NA,NA
6,2,25,sunny,nest_c,Einband,male,breeding,2a,NA,NA
6,2,25,sunny,nest_c,Einband,male,breeding,2a,NA,NA
6,2,25,sunny,nest_c,Einband,male,breeding,2a,NA,NA
6,2,25,sunny,nest_c,Einband,male,breeding,2a,NA,NA
6,2,25,sunny,nest_c,Einband,male,breeding,2a,NA,NA
6,2,25,sunny,nest_c,Einband,male,breeding,2a,NA,NA
6,2,25,sunny,nest_c,Einband,male,breeding,2a,NA,NA
7,1,19,rainy,nest_b,Captain_Hook,male,breeding,2c,1b,Einband
7,1,19,rainy,nest_b,Captain_Hook,male,breeding,2c,1b,Einband
7,1,19,rainy,nest_b,Captain_Hook,male,breeding,2c,1b,Einband
7,1,19,rainy,nest_b,Captain_Hook,male,breeding,2c,1b,Einband
7,1,19,rainy,nest_b,Captain_Hook,male,breeding,2c,NA,NA
7,1,19,rainy,nest_b,Captain_Hook,male,breeding,2c,NA,NA
7,1,19,rainy,nest_b,Captain_Hook,male,breeding,2c,NA,NA
7,1,19,rainy,nest_b,Captain_Hook,male,breeding,2c,NA,NA
7,1,19,rainy,nest_b,Captain_Hook,male,breeding,2c,NA,NA
7,1,19,rainy,nest_b,Captain_Hook,male,breeding,2c,NA,NA
7,1,19,rainy,nest_b,Scruffy,female,breeding,2a,NA,NA
7,1,19,rainy,nest_b,Scruffy,female,breeding,2a,NA,NA
7,1,19,rainy,nest_b,Scruffy,female,breeding,2a,NA,NA
7,1,19,rainy,nest_b,Scruffy,female,breeding,2a,NA,NA
7,1,19,rainy,nest_b,Scruffy,female,breeding,2a,NA,NA
7,1,19,rainy,nest_b,Scruffy,female,breeding,2a,NA,NA
7,1,19,rainy,nest_b,Scruffy,female,breeding,2a,NA,NA
7,1,19,rainy,nest_b,Scruffy,female,breeding,2a,NA,NA
7,1,19,rainy,nest_b,Scruffy,female,breeding,2a,NA,NA
7,1,19,rainy,nest_b,Scruffy,female,breeding,2a,NA,NA
7,1,19,rainy,nest_b,Droopy,female,breeding,1b,NA,NA
7,1,19,rainy,nest_b,Droopy,female,breeding,1b,NA,NA
7,1,19,rainy,nest_b,Droopy,female,breeding,1b,NA,NA
7,1,19,rainy,nest_b,Droopy,female,breeding,1b,NA,NA
7,1,19,rainy,nest_b,Droopy,female,breeding,1b,NA,NA
7,1,19,rainy,nest_b,Droopy,female,breeding,1b,NA,NA
7,1,19,rainy,nest_b,Droopy,female,breeding,1b,NA,NA
7,1,19,rainy,nest_b,Droopy,female,breeding,1b,NA,NA
7,1,19,rainy,nest_b,Droopy,female,breeding,1b,NA,NA
7,1,19,rainy,nest_b,Droopy,female,breeding,1b,NA,NA
7,1,19,rainy,nest_b,Gelbbauch,female,breeding,1d,NA,NA
7,1,19,rainy,nest_b,Gelbbauch,female,breeding,1d,NA,NA
7,1,19,rainy,nest_b,Gelbbauch,female,breeding,1d,NA,NA
7,1,19,rainy,nest_b,Gelbbauch,female,breeding,1d,NA,NA
7,1,19,rainy,nest_b,Gelbbauch,female,breeding,1d,NA,NA
7,1,19,rainy,nest_b,Gelbbauch,female,breeding,1d,NA,NA
7,1,19,rainy,nest_b,Gelbbauch,female,breeding,1d,NA,NA
7,1,19,rainy,nest_b,Gelbbauch,female,breeding,1d,NA,NA
7,1,19,rainy,nest_b,Gelbbauch,female,breeding,1d,NA,NA
7,1,19,rainy,nest_b,Gelbbauch,female,breeding,1d,NA,NA
7,1,19,rainy,nest_b,Einband,male,breeding,2a,NA,NA
7,1,19,rainy,nest_b,Einband,male,breeding,1b,NA,NA
7,1,19,rainy,nest_b,Einband,male,breeding,2c,NA,NA
7,1,19,rainy,nest_b,Einband,male,breeding,4e,NA,NA
7,1,19,rainy,nest_b,Einband,male,breeding,4e,NA,NA
7,1,19,rainy,nest_b,Einband,male,breeding,4e,NA,NA
7,1,19,rainy,nest_b,Einband,male,breeding,4e,NA,NA
7,1,19,rainy,nest_b,Einband,male,breeding,4d,NA,NA
7,1,19,rainy,nest_b,Einband,male,breeding,4d,NA,NA
7,1,19,rainy,nest_b,Einband,male,breeding,4d,NA,NA
7,2,23,sunny,nest_b,Captain_Hook,male,breeding,1a,1b,Einband
7,2,23,sunny,nest_b,Captain_Hook,male,breeding,2a,1b,Gelbbauch
7,2,23,sunny,nest_b,Captain_Hook,male,breeding,3a,2d,Einband
7,2,23,sunny,nest_b,Captain_Hook,male,breeding,3a,NA,NA
7,2,23,sunny,nest_b,Captain_Hook,male,breeding,3a,NA,NA
7,2,23,sunny,nest_b,Captain_Hook,male,breeding,5c,NA,NA
7,2,23,sunny,nest_b,Captain_Hook,male,breeding,5d,NA,NA
7,2,23,sunny,nest_b,Captain_Hook,male,breeding,5d,NA,NA
7,2,23,sunny,nest_b,Captain_Hook,male,breeding,5e,NA,NA
7,2,23,sunny,nest_b,Captain_Hook,male,breeding,1e,NA,NA
7,2,23,sunny,nest_b,Scruffy,female,breeding,2a,3a,Captain_Hook
7,2,23,sunny,nest_b,Scruffy,female,breeding,2a,3a,Captain_Hook
7,2,23,sunny,nest_b,Scruffy,female,breeding,2a,NA,NA
7,2,23,sunny,nest_b,Scruffy,female,breeding,2b,NA,NA
7,2,23,sunny,nest_b,Scruffy,female,breeding,2b,NA,NA
7,2,23,sunny,nest_b,Scruffy,female,breeding,2b,NA,NA
7,2,23,sunny,nest_b,Scruffy,female,breeding,3c,NA,NA
7,2,23,sunny,nest_b,Scruffy,female,breeding,4c,NA,NA
7,2,23,sunny,nest_b,Scruffy,female,breeding,5c,NA,NA
7,2,23,sunny,nest_b,Scruffy,female,breeding,3d,NA,NA
7,2,23,sunny,nest_b,Droopy,female,breeding,3a,NA,NA
7,2,23,sunny,nest_b,Droopy,female,breeding,4a,NA,NA
7,2,23,sunny,nest_b,Droopy,female,breeding,2b,NA,NA
7,2,23,sunny,nest_b,Droopy,female,breeding,4b,NA,NA
7,2,23,sunny,nest_b,Droopy,female,breeding,4b,NA,NA
7,2,23,sunny,nest_b,Droopy,female,breeding,4b,NA,NA
7,2,23,sunny,nest_b,Droopy,female,breeding,4b,NA,NA
7,2,23,sunny,nest_b,Droopy,female,breeding,4b,NA,NA
7,2,23,sunny,nest_b,Droopy,female,breeding,3c,NA,NA
7,2,23,sunny,nest_b,Droopy,female,breeding,5d,NA,NA
7,2,23,sunny,nest_b,Gelbbauch,female,breeding,1b,1d,Einband
7,2,23,sunny,nest_b,Gelbbauch,female,breeding,1b,1d,Einband
7,2,23,sunny,nest_b,Gelbbauch,female,breeding,2c,1d,Einband
7,2,23,sunny,nest_b,Gelbbauch,female,breeding,1d,1d,Einband
7,2,23,sunny,nest_b,Gelbbauch,female,breeding,1d,2d,Einband
7,2,23,sunny,nest_b,Gelbbauch,female,breeding,1d,NA,NA
7,2,23,sunny,nest_b,Gelbbauch,female,breeding,1d,NA,NA
7,2,23,sunny,nest_b,Gelbbauch,female,breeding,1d,NA,NA
7,2,23,sunny,nest_b,Gelbbauch,female,breeding,1d,NA,NA
7,2,23,sunny,nest_b,Gelbbauch,female,breeding,1d,NA,NA
7,2,23,sunny,nest_b,Einband,male,breeding,2a,2a,Captain_Hook
7,2,23,sunny,nest_b,Einband,male,breeding,1b,2a,Captain_Hook
7,2,23,sunny,nest_b,Einband,male,breeding,3c,3a,Captain_Hook
7,2,23,sunny,nest_b,Einband,male,breeding,4c,2b,Captain_Hook
7,2,23,sunny,nest_b,Einband,male,breeding,5c,3c,Captain_Hook
7,2,23,sunny,nest_b,Einband,male,breeding,5d,4d,Captain_Hook
7,2,23,sunny,nest_b,Einband,male,breeding,5d,1e,Captain_Hook
7,2,23,sunny,nest_b,Einband,male,breeding,1e,5e,Captain_Hook
7,2,23,sunny,nest_b,Einband,male,breeding,3e,NA,NA
7,2,23,sunny,nest_b,Einband,male,breeding,5e,NA,NA
8,1,27,sunny,nest_b,Captain_Hook,male,breeding,1b,NA,NA
8,1,27,sunny,nest_b,Captain_Hook,male,breeding,1b,NA,NA
8,1,27,sunny,nest_b,Captain_Hook,male,breeding,1b,NA,NA
8,1,27,sunny,nest_b,Captain_Hook,male,breeding,1b,NA,NA
8,1,27,sunny,nest_b,Captain_Hook,male,breeding,1b,NA,NA
8,1,27,sunny,nest_b,Captain_Hook,male,breeding,1b,NA,NA
8,1,27,sunny,nest_b,Captain_Hook,male,breeding,1b,NA,NA
8,1,27,sunny,nest_b,Captain_Hook,male,breeding,1b,NA,NA
8,1,27,sunny,nest_b,Captain_Hook,male,breeding,3b,NA,NA
8,1,27,sunny,nest_b,Captain_Hook,male,breeding,3b,NA,NA
8,1,27,sunny,nest_b,Scruffy,female,breeding,2a,2a,Droopy
8,1,27,sunny,nest_b,Scruffy,female,breeding,2a,2a,Droopy
8,1,27,sunny,nest_b,Scruffy,female,breeding,2b,2b,Droopy
8,1,27,sunny,nest_b,Scruffy,female,breeding,2b,NA,NA
8,1,27,sunny,nest_b,Scruffy,female,breeding,2b,NA,NA
8,1,27,sunny,nest_b,Scruffy,female,breeding,2c,NA,NA
8,1,27,sunny,nest_b,Scruffy,female,breeding,2c,NA,NA
8,1,27,sunny,nest_b,Scruffy,female,breeding,3a,3a,Droopy
8,1,27,sunny,nest_b,Scruffy,female,breeding,4a,3a,Droopy
8,1,27,sunny,nest_b,Scruffy,female,breeding,4c,NA,NA
8,1,27,sunny,nest_b,Droopy,female,breeding,2a,NA,NA
8,1,27,sunny,nest_b,Droopy,female,breeding,2a,NA,NA
8,1,27,sunny,nest_b,Droopy,female,breeding,2a,NA,NA
8,1,27,sunny,nest_b,Droopy,female,breeding,2a,NA,NA
8,1,27,sunny,nest_b,Droopy,female,breeding,2a,NA,NA
8,1,27,sunny,nest_b,Droopy,female,breeding,3a,NA,NA
8,1,27,sunny,nest_b,Droopy,female,breeding,4a,NA,NA
8,1,27,sunny,nest_b,Droopy,female,breeding,4a,NA,NA
8,1,27,sunny,nest_b,Droopy,female,breeding,4a,NA,NA
8,1,27,sunny,nest_b,Droopy,female,breeding,4b,NA,NA
8,1,27,sunny,nest_b,Gelbbauch,female,breeding,2a,NA,NA
8,1,27,sunny,nest_b,Gelbbauch,female,breeding,1b,NA,NA
8,1,27,sunny,nest_b,Gelbbauch,female,breeding,1b,NA,NA
8,1,27,sunny,nest_b,Gelbbauch,female,breeding,1b,NA,NA
8,1,27,sunny,nest_b,Gelbbauch,female,breeding,1d,NA,NA
8,1,27,sunny,nest_b,Gelbbauch,female,breeding,1d,NA,NA
8,1,27,sunny,nest_b,Gelbbauch,female,breeding,1d,NA,NA
8,1,27,sunny,nest_b,Gelbbauch,female,breeding,1d,NA,NA
8,1,27,sunny,nest_b,Gelbbauch,female,breeding,1d,NA,NA
8,1,27,sunny,nest_b,Gelbbauch,female,breeding,1d,NA,NA
8,1,27,sunny,nest_b,Einband,male,breeding,2a,NA,NA
8,1,27,sunny,nest_b,Einband,male,breeding,2a,NA,NA
8,1,27,sunny,nest_b,Einband,male,breeding,2a,NA,NA
8,1,27,sunny,nest_b,Einband,male,breeding,2a,NA,NA
8,1,27,sunny,nest_b,Einband,male,breeding,2a,NA,NA
8,1,27,sunny,nest_b,Einband,male,breeding,2a,NA,NA
8,1,27,sunny,nest_b,Einband,male,breeding,2a,NA,NA
8,1,27,sunny,nest_b,Einband,male,breeding,2a,NA,NA
8,1,27,sunny,nest_b,Einband,male,breeding,2a,NA,NA
8,1,27,sunny,nest_b,Einband,male,breeding,2a,NA,NA
8,2,26,sunny,nest_b,Captain_Hook,male,breeding,3a,NA,NA
8,2,26,sunny,nest_b,Captain_Hook,male,breeding,1b,NA,NA
8,2,26,sunny,nest_b,Captain_Hook,male,breeding,1b,NA,NA
8,2,26,sunny,nest_b,Captain_Hook,male,breeding,1b,NA,NA
8,2,26,sunny,nest_b,Captain_Hook,male,breeding,1b,NA,NA
8,2,26,sunny,nest_b,Captain_Hook,male,breeding,1b,NA,NA
8,2,26,sunny,nest_b,Captain_Hook,male,breeding,1b,NA,NA
8,2,26,sunny,nest_b,Captain_Hook,male,breeding,3d,NA,NA
8,2,26,sunny,nest_b,Captain_Hook,male,breeding,5d,NA,NA
8,2,26,sunny,nest_b,Captain_Hook,male,breeding,1e,NA,NA
8,2,26,sunny,nest_b,Scruffy,female,breeding,1b,2a,Droopy
8,2,26,sunny,nest_b,Scruffy,female,breeding,1b,2a,Droopy
8,2,26,sunny,nest_b,Scruffy,female,breeding,1b,2a,Droopy
8,2,26,sunny,nest_b,Scruffy,female,breeding,2b,NA,NA
8,2,26,sunny,nest_b,Scruffy,female,breeding,3c,NA,NA
8,2,26,sunny,nest_b,Scruffy,female,breeding,4d,NA,NA
8,2,26,sunny,nest_b,Scruffy,female,breeding,4d,NA,NA
8,2,26,sunny,nest_b,Scruffy,female,breeding,4d,NA,NA
8,2,26,sunny,nest_b,Scruffy,female,breeding,4d,NA,NA
8,2,26,sunny,nest_b,Scruffy,female,breeding,4d,NA,NA
8,2,26,sunny,nest_b,Droopy,female,breeding,2a,1b,Einband
8,2,26,sunny,nest_b,Droopy,female,breeding,3a,1b,Einband
8,2,26,sunny,nest_b,Droopy,female,breeding,2b,2b,Einband
8,2,26,sunny,nest_b,Droopy,female,breeding,2b,1c,Einband
8,2,26,sunny,nest_b,Droopy,female,breeding,2b,NA,NA
8,2,26,sunny,nest_b,Droopy,female,breeding,3b,NA,NA
8,2,26,sunny,nest_b,Droopy,female,breeding,4b,NA,NA
8,2,26,sunny,nest_b,Droopy,female,breeding,5b,NA,NA
8,2,26,sunny,nest_b,Droopy,female,breeding,1d,NA,NA
8,2,26,sunny,nest_b,Droopy,female,breeding,1d,NA,NA
8,2,26,sunny,nest_b,Gelbbauch,female,breeding,1d,2a,Einband
8,2,26,sunny,nest_b,Gelbbauch,female,breeding,1d,1c,Einband
8,2,26,sunny,nest_b,Gelbbauch,female,breeding,1d,1d,Einband
8,2,26,sunny,nest_b,Gelbbauch,female,breeding,1d,1d,Einband
8,2,26,sunny,nest_b,Gelbbauch,female,breeding,1d,1d,Einband
8,2,26,sunny,nest_b,Gelbbauch,female,breeding,1d,1d,Einband
8,2,26,sunny,nest_b,Gelbbauch,female,breeding,1b,1d,Einband
8,2,26,sunny,nest_b,Gelbbauch,female,breeding,1b,1d,Captain_Hook
8,2,26,sunny,nest_b,Gelbbauch,female,breeding,1b,1e,Captain_Hook
8,2,26,sunny,nest_b,Gelbbauch,female,breeding,1b,1e,Einband
8,2,26,sunny,nest_b,Gelbbauch,female,breeding,NA,5e,Einband
8,2,26,sunny,nest_b,Gelbbauch,female,breeding,NA,5e,Captain_Hook
8,2,26,sunny,nest_b,Einband,male,breeding,2a,3a,Droopy
8,2,26,sunny,nest_b,Einband,male,breeding,1b,2b,Droopy
8,2,26,sunny,nest_b,Einband,male,breeding,1b,3b,Droopy
8,2,26,sunny,nest_b,Einband,male,breeding,4c,4b,Droopy
8,2,26,sunny,nest_b,Einband,male,breeding,2d,1c,Droopy
8,2,26,sunny,nest_b,Einband,male,breeding,3d,4c,Droopy
8,2,26,sunny,nest_b,Einband,male,breeding,4d,4c,Droopy
8,2,26,sunny,nest_b,Einband,male,breeding,5d,5c,Droopy
8,2,26,sunny,nest_b,Einband,male,breeding,1e,5c,Gelbbauch
8,2,26,sunny,nest_b,Einband,male,breeding,5e,5d,Droopy
8,2,26,sunny,nest_b,Einband,male,breeding,NA,5d,Droopy
8,2,26,sunny,nest_b,Einband,male,breeding,NA,5d,Droopy
8,2,26,sunny,nest_b,Einband,male,breeding,NA,5e,Droopy
9,1,30,sunny,lamp,Captain_Hook,male,breeding,1b,3a,Scruffy
9,1,30,sunny,lamp,Captain_Hook,male,breeding,1b,NA,NA
9,1,30,sunny,lamp,Captain_Hook,male,breeding,1b,NA,NA
9,1,30,sunny,lamp,Captain_Hook,male,breeding,1b,NA,NA
9,1,30,sunny,lamp,Captain_Hook,male,breeding,1b,NA,NA
9,1,30,sunny,lamp,Captain_Hook,male,breeding,1b,NA,NA
9,1,30,sunny,lamp,Captain_Hook,male,breeding,1b,NA,NA
9,1,30,sunny,lamp,Captain_Hook,male,breeding,1b,NA,NA
9,1,30,sunny,lamp,Captain_Hook,male,breeding,1b,NA,NA
9,1,30,sunny,lamp,Captain_Hook,male,breeding,1b,NA,NA
9,1,30,sunny,lamp,Scruffy,female,breeding,2a,2a,Gelbbauch
9,1,30,sunny,lamp,Scruffy,female,breeding,2a,NA,NA
9,1,30,sunny,lamp,Scruffy,female,breeding,2a,NA,NA
9,1,30,sunny,lamp,Scruffy,female,breeding,2a,NA,NA
9,1,30,sunny,lamp,Scruffy,female,breeding,2a,NA,NA
9,1,30,sunny,lamp,Scruffy,female,breeding,3a,NA,NA
9,1,30,sunny,lamp,Scruffy,female,breeding,3a,NA,NA
9,1,30,sunny,lamp,Scruffy,female,breeding,3a,NA,NA
9,1,30,sunny,lamp,Scruffy,female,breeding,4a,NA,NA
9,1,30,sunny,lamp,Scruffy,female,breeding,4b,NA,NA
9,1,30,sunny,lamp,Droopy,female,breeding,1a,NA,NA
9,1,30,sunny,lamp,Droopy,female,breeding,1a,NA,NA
9,1,30,sunny,lamp,Droopy,female,breeding,1a,NA,NA
9,1,30,sunny,lamp,Droopy,female,breeding,2a,NA,NA
9,1,30,sunny,lamp,Droopy,female,breeding,2a,NA,NA
9,1,30,sunny,lamp,Droopy,female,breeding,4b,NA,NA
9,1,30,sunny,lamp,Droopy,female,breeding,4b,NA,NA
9,1,30,sunny,lamp,Droopy,female,breeding,4b,NA,NA
9,1,30,sunny,lamp,Droopy,female,breeding,4b,NA,NA
9,1,30,sunny,lamp,Droopy,female,breeding,4b,NA,NA
9,1,30,sunny,lamp,Gelbbauch,female,breeding,1d,NA,NA
9,1,30,sunny,lamp,Gelbbauch,female,breeding,1d,NA,NA
9,1,30,sunny,lamp,Gelbbauch,female,breeding,1d,NA,NA
9,1,30,sunny,lamp,Gelbbauch,female,breeding,1d,NA,NA
9,1,30,sunny,lamp,Gelbbauch,female,breeding,1d,NA,NA
9,1,30,sunny,lamp,Gelbbauch,female,breeding,1d,NA,NA
9,1,30,sunny,lamp,Gelbbauch,female,breeding,1d,NA,NA
9,1,30,sunny,lamp,Gelbbauch,female,breeding,1d,NA,NA
9,1,30,sunny,lamp,Gelbbauch,female,breeding,1d,NA,NA
9,1,30,sunny,lamp,Gelbbauch,female,breeding,1d,NA,NA
9,1,30,sunny,lamp,Einband,male,breeding,2a,2a,Gelbbauch
9,1,30,sunny,lamp,Einband,male,breeding,2a,3a,Gelbbauch
9,1,30,sunny,lamp,Einband,male,breeding,2a,3a,Gelbbauch
9,1,30,sunny,lamp,Einband,male,breeding,2a,3a,Droopy
9,1,30,sunny,lamp,Einband,male,breeding,2a,4a,Droopy
9,1,30,sunny,lamp,Einband,male,breeding,2a,4b,Gelbbauch
9,1,30,sunny,lamp,Einband,male,breeding,4b,4b,Gelbbauch
9,1,30,sunny,lamp,Einband,male,breeding,4b,4b,Gelbbauch
9,1,30,sunny,lamp,Einband,male,breeding,4b,NA,NA
9,1,30,sunny,lamp,Einband,male,breeding,5e,NA,NA
9,2,,sunny,lamp,Captain_Hook,male,breeding,1b,NA,NA
9,2,,sunny,lamp,Captain_Hook,male,breeding,1b,NA,NA
9,2,,sunny,lamp,Captain_Hook,male,breeding,1b,NA,NA
9,2,,sunny,lamp,Captain_Hook,male,breeding,1b,NA,NA
9,2,,sunny,lamp,Captain_Hook,male,breeding,1b,NA,NA
9,2,,sunny,lamp,Captain_Hook,male,breeding,1b,NA,NA
9,2,,sunny,lamp,Captain_Hook,male,breeding,1b,NA,NA
9,2,,sunny,lamp,Captain_Hook,male,breeding,1b,NA,NA
9,2,,sunny,lamp,Captain_Hook,male,breeding,1b,NA,NA
9,2,,sunny,lamp,Captain_Hook,male,breeding,1b,NA,NA
9,2,,sunny,lamp,Scruffy,female,breeding,2a,2a,Gelbbauch
9,2,,sunny,lamp,Scruffy,female,breeding,2a,2a,Gelbbauch
9,2,,sunny,lamp,Scruffy,female,breeding,2a,2a,Droopy
9,2,,sunny,lamp,Scruffy,female,breeding,2a,2a,Droopy
9,2,,sunny,lamp,Scruffy,female,breeding,2a,5d,Gelbbauch
9,2,,sunny,lamp,Scruffy,female,breeding,2a,NA,NA
9,2,,sunny,lamp,Scruffy,female,breeding,3a,NA,NA
9,2,,sunny,lamp,Scruffy,female,breeding,2b,NA,NA
9,2,,sunny,lamp,Scruffy,female,breeding,3d,NA,NA
9,2,,sunny,lamp,Scruffy,female,breeding,4c,NA,NA
9,2,,sunny,lamp,Droopy,female,breeding,1b,NA,NA
9,2,,sunny,lamp,Droopy,female,breeding,1b,NA,NA
9,2,,sunny,lamp,Droopy,female,breeding,1b,NA,NA
9,2,,sunny,lamp,Droopy,female,breeding,1b,NA,NA
9,2,,sunny,lamp,Droopy,female,breeding,1b,NA,NA
9,2,,sunny,lamp,Droopy,female,breeding,1b,NA,NA
9,2,,sunny,lamp,Droopy,female,breeding,1b,NA,NA
9,2,,sunny,lamp,Droopy,female,breeding,2a,NA,NA
9,2,,sunny,lamp,Droopy,female,breeding,2a,NA,NA
9,2,,sunny,lamp,Droopy,female,breeding,3c,NA,NA
9,2,,sunny,lamp,Gelbbauch,female,breeding,2a,2a,Droopy
9,2,,sunny,lamp,Gelbbauch,female,breeding,1d,NA,NA
9,2,,sunny,lamp,Gelbbauch,female,breeding,3d,NA,NA
9,2,,sunny,lamp,Gelbbauch,female,breeding,3e,NA,NA
9,2,,sunny,lamp,Gelbbauch,female,breeding,3e,NA,NA
9,2,,sunny,lamp,Gelbbauch,female,breeding,4c,NA,NA
9,2,,sunny,lamp,Gelbbauch,female,breeding,4d,NA,NA
9,2,,sunny,lamp,Gelbbauch,female,breeding,4d,NA,NA
9,2,,sunny,lamp,Gelbbauch,female,breeding,4e,NA,NA
9,2,,sunny,lamp,Gelbbauch,female,breeding,5e,NA,NA
9,2,,sunny,lamp,Einband,male,breeding,2a,NA,NA
9,2,,sunny,lamp,Einband,male,breeding,2a,NA,NA
9,2,,sunny,lamp,Einband,male,breeding,2a,NA,NA
9,2,,sunny,lamp,Einband,male,breeding,2a,NA,NA
9,2,,sunny,lamp,Einband,male,breeding,2a,NA,NA
9,2,,sunny,lamp,Einband,male,breeding,2a,NA,NA
9,2,,sunny,lamp,Einband,male,breeding,2a,NA,NA
9,2,,sunny,lamp,Einband,male,breeding,2a,NA,NA
9,2,,sunny,lamp,Einband,male,breeding,2a,NA,NA
9,2,,sunny,lamp,Einband,male,breeding,2a,NA,NA
10,1,,sunny,lamp,Captain_Hook,male,breeding,1b,NA,NA
10,1,,sunny,lamp,Captain_Hook,male,breeding,1b,NA,NA
10,1,,sunny,lamp,Captain_Hook,male,breeding,1b,NA,NA
10,1,,sunny,lamp,Captain_Hook,male,breeding,1b,NA,NA
10,1,,sunny,lamp,Captain_Hook,male,breeding,1b,NA,NA
10,1,,sunny,lamp,Captain_Hook,male,breeding,1b,NA,NA
10,1,,sunny,lamp,Captain_Hook,male,breeding,1b,NA,NA
10,1,,sunny,lamp,Captain_Hook,male,breeding,1b,NA,NA
10,1,,sunny,lamp,Captain_Hook,male,breeding,1b,NA,NA
10,1,,sunny,lamp,Captain_Hook,male,breeding,1b,NA,NA
10,1,,sunny,lamp,Scruffy,female,breeding,2a,2a,Gelbbauch
10,1,,sunny,lamp,Scruffy,female,breeding,2a,2a,Gelbbauch
10,1,,sunny,lamp,Scruffy,female,breeding,2a,2a,Gelbbauch
10,1,,sunny,lamp,Scruffy,female,breeding,2a,2a,Droopy
10,1,,sunny,lamp,Scruffy,female,breeding,2a,2a,Droopy
10,1,,sunny,lamp,Scruffy,female,breeding,2b,2a,Droopy
10,1,,sunny,lamp,Scruffy,female,breeding,2b,2a,Droopy
10,1,,sunny,lamp,Scruffy,female,breeding,3a,2b,Droopy
10,1,,sunny,lamp,Scruffy,female,breeding,3a,3b,Droopy
10,1,,sunny,lamp,Scruffy,female,breeding,3b,3b,Gelbbauch
10,1,,sunny,lamp,Scruffy,female,breeding,NA,3b,Gelbbauch
10,1,,sunny,lamp,Scruffy,female,breeding,NA,3a,Droopy
10,1,,sunny,lamp,Scruffy,female,breeding,NA,3a,Droopy
10,1,,sunny,lamp,Scruffy,female,breeding,NA,2a,Droopy
10,1,,sunny,lamp,Droopy,female,breeding,2a,NA,NA
10,1,,sunny,lamp,Droopy,female,breeding,2a,NA,NA
10,1,,sunny,lamp,Droopy,female,breeding,2b,NA,NA
10,1,,sunny,lamp,Droopy,female,breeding,2b,NA,NA
10,1,,sunny,lamp,Droopy,female,breeding,2b,NA,NA
10,1,,sunny,lamp,Droopy,female,breeding,2b,NA,NA
10,1,,sunny,lamp,Droopy,female,breeding,2b,NA,NA
10,1,,sunny,lamp,Droopy,female,breeding,2b,NA,NA
10,1,,sunny,lamp,Droopy,female,breeding,3a,NA,NA
10,1,,sunny,lamp,Droopy,female,breeding,3a,NA,NA
10,1,,sunny,lamp,Gelbbauch,female,breeding,1d,NA,NA
10,1,,sunny,lamp,Gelbbauch,female,breeding,1d,NA,NA
10,1,,sunny,lamp,Gelbbauch,female,breeding,1d,NA,NA
10,1,,sunny,lamp,Gelbbauch,female,breeding,1d,NA,NA
10,1,,sunny,lamp,Gelbbauch,female,breeding,1d,NA,NA
10,1,,sunny,lamp,Gelbbauch,female,breeding,1d,NA,NA
10,1,,sunny,lamp,Gelbbauch,female,breeding,1d,NA,NA
10,1,,sunny,lamp,Gelbbauch,female,breeding,1d,NA,NA
10,1,,sunny,lamp,Gelbbauch,female,breeding,2c,3e,Einband
10,1,,sunny,lamp,Gelbbauch,female,breeding,5e,4d,Einband
10,1,,sunny,lamp,Einband,male,breeding,2a,NA,NA
10,1,,sunny,lamp,Einband,male,breeding,2a,NA,NA
10,1,,sunny,lamp,Einband,male,breeding,2a,3b,Gelbbauch
10,1,,sunny,lamp,Einband,male,breeding,2a,4b,Gelbbauch
10,1,,sunny,lamp,Einband,male,breeding,3c,4d,Gelbbauch
10,1,,sunny,lamp,Einband,male,breeding,3c,3e,Gelbbauch
10,1,,sunny,lamp,Einband,male,breeding,4b,2c,Gelbbauch
10,1,,sunny,lamp,Einband,male,breeding,5b,5b,Droopy
10,1,,sunny,lamp,Einband,male,breeding,5b,5b,Droopy
10,1,,sunny,lamp,Einband,male,breeding,5c,5b,Gelbbauch
10,2,28,sunny,lamp,Captain_Hook,male,breeding,1b,2b,Scruffy
10,2,28,sunny,lamp,Captain_Hook,male,breeding,1b,NA,NA
10,2,28,sunny,lamp,Captain_Hook,male,breeding,1b,NA,NA
10,2,28,sunny,lamp,Captain_Hook,male,breeding,1b,NA,NA
10,2,28,sunny,lamp,Captain_Hook,male,breeding,1b,NA,NA
10,2,28,sunny,lamp,Captain_Hook,male,breeding,1b,NA,NA
10,2,28,sunny,lamp,Captain_Hook,male,breeding,2b,NA,NA
10,2,28,sunny,lamp,Captain_Hook,male,breeding,4c,NA,NA
10,2,28,sunny,lamp,Captain_Hook,male,breeding,5e,NA,NA
10,2,28,sunny,lamp,Captain_Hook,male,breeding,5e,NA,NA
10,2,28,sunny,lamp,Scruffy,female,breeding,2a,2a,Droopy
10,2,28,sunny,lamp,Scruffy,female,breeding,2a,NA,NA
10,2,28,sunny,lamp,Scruffy,female,breeding,2a,NA,NA
10,2,28,sunny,lamp,Scruffy,female,breeding,3a,NA,NA
10,2,28,sunny,lamp,Scruffy,female,breeding,2b,NA,NA
10,2,28,sunny,lamp,Scruffy,female,breeding,3d,NA,NA
10,2,28,sunny,lamp,Scruffy,female,breeding,4d,NA,NA
10,2,28,sunny,lamp,Scruffy,female,breeding,4d,NA,NA
10,2,28,sunny,lamp,Scruffy,female,breeding,5d,NA,NA
10,2,28,sunny,lamp,Scruffy,female,breeding,5d,NA,NA
10,2,28,sunny,lamp,Droopy,female,breeding,2a,2a,Scruffy
10,2,28,sunny,lamp,Droopy,female,breeding,2b,NA,NA
10,2,28,sunny,lamp,Droopy,female,breeding,3b,NA,NA
10,2,28,sunny,lamp,Droopy,female,breeding,5b,NA,NA
10,2,28,sunny,lamp,Droopy,female,breeding,3c,NA,NA
10,2,28,sunny,lamp,Droopy,female,breeding,3c,NA,NA
10,2,28,sunny,lamp,Droopy,female,breeding,3c,NA,NA
10,2,28,sunny,lamp,Droopy,female,breeding,3c,NA,NA
10,2,28,sunny,lamp,Droopy,female,breeding,3c,NA,NA
10,2,28,sunny,lamp,Droopy,female,breeding,3c,NA,NA
10,2,28,sunny,lamp,Gelbbauch,female,breeding,1d,NA,NA
10,2,28,sunny,lamp,Gelbbauch,female,breeding,1d,NA,NA
10,2,28,sunny,lamp,Gelbbauch,female,breeding,1d,NA,NA
10,2,28,sunny,lamp,Gelbbauch,female,breeding,1d,NA,NA
10,2,28,sunny,lamp,Gelbbauch,female,breeding,1d,NA,NA
10,2,28,sunny,lamp,Gelbbauch,female,breeding,1d,NA,NA
10,2,28,sunny,lamp,Gelbbauch,female,breeding,1d,NA,NA
10,2,28,sunny,lamp,Gelbbauch,female,breeding,1d,NA,NA
10,2,28,sunny,lamp,Gelbbauch,female,breeding,1d,NA,NA
10,2,28,sunny,lamp,Gelbbauch,female,breeding,1d,NA,NA
10,2,28,sunny,lamp,Einband,male,breeding,2a,NA,NA
10,2,28,sunny,lamp,Einband,male,breeding,2a,NA,NA
10,2,28,sunny,lamp,Einband,male,breeding,2a,NA,NA
10,2,28,sunny,lamp,Einband,male,breeding,2a,NA,NA
10,2,28,sunny,lamp,Einband,male,breeding,2a,NA,NA
10,2,28,sunny,lamp,Einband,male,breeding,2a,NA,NA
10,2,28,sunny,lamp,Einband,male,breeding,2a,NA,NA
10,2,28,sunny,lamp,Einband,male,breeding,2a,NA,NA
10,2,28,sunny,lamp,Einband,male,breeding,2a,NA,NA
10,2,28,sunny,lamp,Einband,male,breeding,2a,NA,NA